Figure_Name,Plot_Interval_Index,Setting,Round,Empirical_Mean,Empirical_Std,Theory_Value,Baseline
figure_15,0,"80% Model (m=1000, k=4000)",0,0.21105951878429718,0.0,0.21105951878429785,10.869565217391305
figure_15,0,"80% Model (m=1000, k=4000)",1,0.0,0.0,-1.4943013929928224,10.869565217391305
figure_15,0,"80% Model (m=1000, k=4000)",2,0.0,0.0,-2.8585901224145207,10.869565217391305
figure_15,0,"80% Model (m=1000, k=4000)",3,0.0,0.0,-3.9890007839353547,10.869565217391305
figure_15,0,"80% Model (m=1000, k=4000)",4,0.0,0.0,-4.949849846228064,10.869565217391305
figure_15,0,"80% Model (m=1000, k=4000)",5,0.0,0.0,-5.78258570021508,10.869565217391305
figure_15,0,"80% Model (m=1000, k=4000)",6,0.0,0.0,-6.515393251723651,10.869565217391305
figure_15,0,"80% Model (m=1000, k=4000)",7,0.0,0.0,-7.168258161249472,10.869565217391305
figure_15,0,"80% Model (m=1000, k=4000)",8,0.0,0.0,-7.755836579822709,10.869565217391305
figure_15,0,"80% Model (m=1000, k=4000)",9,0.0,0.0,-8.289176990527647,10.869565217391305
figure_15,0,"80% Model (m=1000, k=4000)",10,0.0,0.0,-8.776802508886448,10.869565217391305
figure_15,0,"80% Model (m=1000, k=4000)",11,0.0,0.0,-9.225417985776545,10.869565217391305
figure_15,0,"80% Model (m=1000, k=4000)",12,0.0,0.0,-9.640387301899885,10.869565217391305
figure_15,0,"80% Model (m=1000, k=4000)",13,0.0,0.0,-10.026064666296872,10.869565217391305
figure_15,0,"80% Model (m=1000, k=4000)",14,0.0,0.0,-10.38603020640073,10.869565217391305
figure_15,0,"80% Model (m=1000, k=4000)",15,0.0,0.0,-10.723261080813813,10.869565217391305
figure_15,0,"80% Model (m=1000, k=4000)",16,0.0,0.0,-11.040258102762113,10.869565217391305
figure_15,0,"50% Model (m=2500, k=2500)",0,0.44598612487611494,0.0,0.44598612487611433,10.312764158918004
figure_15,0,"50% Model (m=2500, k=2500)",1,0.15544041450777202,0.0,-0.5406916785280753,10.312764158918004
figure_15,0,"50% Model (m=2500, k=2500)",2,0.09718172983479105,0.0,-1.280700031081217,10.312764158918004
figure_15,0,"50% Model (m=2500, k=2500)",3,0.0,0.0,-1.8621351652301144,10.312764158918004
figure_15,0,"50% Model (m=2500, k=2500)",4,0.0,0.0,-2.3345512117260903,10.312764158918004
figure_15,0,"50% Model (m=2500, k=2500)",5,0.0,0.0,-2.728231250472742,10.312764158918004
figure_15,0,"50% Model (m=2500, k=2500)",6,0.0,0.0,-3.062859283407393,10.312764158918004
figure_15,0,"50% Model (m=2500, k=2500)",7,0.0,0.0,-3.3518562209418654,10.312764158918004
figure_15,0,"50% Model (m=2500, k=2500)",8,0.10758472296933834,0.0,-3.604728541284528,10.312764158918004
figure_15,0,"50% Model (m=2500, k=2500)",9,0.051493305870236865,0.0,-3.828423286203037,10.312764158918004
figure_15,0,"50% Model (m=2500, k=2500)",10,0.0,0.0,-4.028150737023136,10.312764158918004
figure_15,0,"50% Model (m=2500, k=2500)",11,0.0,0.0,-4.207905442761222,10.312764158918004
figure_15,0,"50% Model (m=2500, k=2500)",12,0.0,0.0,-4.370808144836364,10.312764158918004
figure_15,0,"50% Model (m=2500, k=2500)",13,0.0,0.0,-4.519337079081348,10.312764158918004
figure_15,0,"50% Model (m=2500, k=2500)",14,0.0,0.0,-4.655488602139249,10.312764158918004
figure_15,0,"50% Model (m=2500, k=2500)",15,0.0,0.0,-4.78089132074521,10.312764158918004
figure_15,0,"50% Model (m=2500, k=2500)",16,0.0,0.0,-4.896888835455725,10.312764158918004
figure_8,1,"80% Model (m=1000, k=4000)",0,13.048016701461378,0.0,13.048016701461378,30.269005847953217
figure_8,1,"80% Model (m=1000, k=4000)",1,14.500406173842403,0.0,10.292658438022684,30.269005847953217
figure_8,1,"80% Model (m=1000, k=4000)",2,9.508061182306738,0.0,8.088371827271729,30.269005847953217
figure_8,1,"80% Model (m=1000, k=4000)",3,10.344827586206897,0.0,6.261962921220938,30.269005847953217
figure_8,1,"80% Model (m=1000, k=4000)",4,8.284313725490195,0.0,4.709515351077762,30.269005847953217
figure_8,1,"80% Model (m=1000, k=4000)",5,10.084033613445378,0.0,3.364060790287013,30.269005847953217
figure_8,1,"80% Model (m=1000, k=4000)",6,10.170366546205473,0.0,2.180060776791155,30.269005847953217
figure_8,1,"80% Model (m=1000, k=4000)",7,10.588870880605079,0.0,1.1252244011312058,30.269005847953217
figure_8,1,"80% Model (m=1000, k=4000)",8,10.601427115188583,0.0,0.1758716630372561,30.269005847953217
figure_8,1,"80% Model (m=1000, k=4000)",9,10.893371757925072,0.0,-0.6858485146172555,30.269005847953217
figure_8,1,"80% Model (m=1000, k=4000)",10,12.986270022883295,0.0,-1.4737069627585235,30.269005847953217
figure_8,1,"80% Model (m=1000, k=4000)",11,12.084257206208427,0.0,-2.198536735048492,30.269005847953217
figure_8,1,"80% Model (m=1000, k=4000)",12,10.259301014656144,0.0,-2.86900427441671,30.269005847953217
figure_8,1,"80% Model (m=1000, k=4000)",13,12.433392539964476,0.0,-3.492144693358938,30.269005847953217
figure_8,1,"80% Model (m=1000, k=4000)",14,11.589982527664532,0.0,-4.07374241770502,30.269005847953217
figure_8,1,"80% Model (m=1000, k=4000)",15,11.887254901960784,0.0,-4.61860765419766,30.269005847953217
figure_8,1,"80% Model (m=1000, k=4000)",16,11.702127659574469,0.0,-5.130780976500745,30.269005847953217
figure_8,1,"50% Model (m=2500, k=2500)",0,13.086335825968728,0.0,13.086335825968728,29.974281038110824
figure_8,1,"50% Model (m=2500, k=2500)",1,7.547826086956522,0.0,11.397541304754515,29.974281038110824
figure_8,1,"50% Model (m=2500, k=2500)",2,6.420373027259685,0.0,10.130945413843861,29.974281038110824
figure_8,1,"50% Model (m=2500, k=2500)",3,4.438182458612188,0.0,9.135762928128344,29.974281038110824
figure_8,1,"50% Model (m=2500, k=2500)",4,3.9685658153241645,0.0,8.327177158484488,29.974281038110824
figure_8,1,"50% Model (m=2500, k=2500)",5,3.7653586999603648,0.0,7.653355683781271,29.974281038110824
figure_8,1,"50% Model (m=2500, k=2500)",6,3.391167192429022,0.0,7.080607430283543,29.974281038110824
figure_8,1,"50% Model (m=2500, k=2500)",7,3.2736796158882586,0.0,6.5859612113536805,29.974281038110824
figure_8,1,"50% Model (m=2500, k=2500)",8,3.9800995024875623,0.0,6.153145769790054,29.974281038110824
figure_8,1,"50% Model (m=2500, k=2500)",9,2.4186046511627906,0.0,5.7702705714837705,29.974281038110824
figure_8,1,"50% Model (m=2500, k=2500)",10,2.6223776223776225,0.0,5.428417715853158,29.974281038110824
figure_8,1,"50% Model (m=2500, k=2500)",11,2.7838190517616357,0.0,5.120750145785607,29.974281038110824
figure_8,1,"50% Model (m=2500, k=2500)",12,2.2518382352941178,0.0,4.84192641041189,29.974281038110824
figure_8,1,"50% Model (m=2500, k=2500)",13,1.8191005558362812,0.0,4.587704769335851,29.974281038110824
figure_8,1,"50% Model (m=2500, k=2500)",14,2.6340996168582373,0.0,4.3546682650161515,29.974281038110824
figure_8,1,"50% Model (m=2500, k=2500)",15,2.816205533596838,0.0,4.140029379458532,29.974281038110824
figure_8,1,"50% Model (m=2500, k=2500)",16,1.9553072625698324,0.0,3.941488410317735,29.974281038110824
figure_16,2,"80% Model (m=1000, k=4000)",0,52.945091514143094,0.0,52.945091514143094,50.13899418751579
figure_16,2,"80% Model (m=1000, k=4000)",1,50.73839662447257,0.0,53.39406708640346,50.13899418751579
figure_16,2,"80% Model (m=1000, k=4000)",2,54.0421195652174,0.0,53.75324754421176,50.13899418751579
figure_16,2,"80% Model (m=1000, k=4000)",3,48.53556485355649,0.0,54.05085420925292,50.13899418751579
figure_16,2,"80% Model (m=1000, k=4000)",4,48.11354653251886,0.0,54.3038198745379,50.13899418751579
figure_16,2,"80% Model (m=1000, k=4000)",5,48.725212464589234,0.0,54.523056784451555,50.13899418751579
figure_16,2,"80% Model (m=1000, k=4000)",6,47.75481111903065,0.0,54.71598526517557,50.13899418751579
figure_16,2,"80% Model (m=1000, k=4000)",7,50.2079002079002,0.0,54.88786700254787,50.13899418751579
figure_16,2,"80% Model (m=1000, k=4000)",8,48.88645491055129,0.0,55.04256056618295,50.13899418751579
figure_16,2,"80% Model (m=1000, k=4000)",9,49.24326319675157,0.0,55.182974723944014,50.13899418751579
figure_16,2,"80% Model (m=1000, k=4000)",10,48.50136239782017,0.0,55.31135338246842,50.13899418751579
figure_16,2,"80% Model (m=1000, k=4000)",11,48.74565804708607,0.0,55.42946174831087,50.13899418751579
figure_16,2,"80% Model (m=1000, k=4000)",12,47.77777777777778,0.0,55.538711986715136,50.13899418751579
figure_16,2,"80% Model (m=1000, k=4000)",13,54.32539682539682,0.0,55.64025044358499,50.13899418751579
figure_16,2,"80% Model (m=1000, k=4000)",14,49.511145874071175,0.0,55.735019669996845,50.13899418751579
figure_16,2,"80% Model (m=1000, k=4000)",15,47.789566755083996,0.0,55.82380347158269,50.13899418751579
figure_16,2,"80% Model (m=1000, k=4000)",16,47.2914875322442,0.0,55.90726024507339,50.13899418751579
figure_16,2,"50% Model (m=2500, k=2500)",0,58.31533477321814,0.0,58.31533477321814,49.936596500126804
figure_16,2,"50% Model (m=2500, k=2500)",1,60.89639493341994,0.0,59.15320860052728,49.936596500126804
figure_16,2,"50% Model (m=2500, k=2500)",2,63.072586328400284,0.0,59.78161397100912,49.936596500126804
figure_16,2,"50% Model (m=2500, k=2500)",3,62.64940239043825,0.0,60.27536104781629,49.936596500126804
figure_16,2,"50% Model (m=2500, k=2500)",4,60.03205128205128,0.0,60.676530547722116,49.936596500126804
figure_16,2,"50% Model (m=2500, k=2500)",5,64.80727044813538,0.0,61.010838464310304,49.936596500126804
figure_16,2,"50% Model (m=2500, k=2500)",6,58.553732842316705,0.0,61.29500019341026,49.936596500126804
figure_16,2,"50% Model (m=2500, k=2500)",7,60.81424936386769,0.0,61.54041259581477,49.936596500126804
figure_16,2,"50% Model (m=2500, k=2500)",8,59.5222295952223,0.0,61.755148447918714,49.936596500126804
figure_16,2,"50% Model (m=2500, k=2500)",9,60.21138765768838,0.0,61.94510708631836,49.936596500126804
figure_16,2,"50% Model (m=2500, k=2500)",10,56.018518518518526,0.0,62.1147130134609,49.936596500126804
figure_16,2,"50% Model (m=2500, k=2500)",11,57.05149781218445,0.0,62.267358347889186,49.936596500126804
figure_16,2,"50% Model (m=2500, k=2500)",12,53.967731313796506,0.0,62.40569318221482,49.936596500126804
figure_16,2,"50% Model (m=2500, k=2500)",13,57.04358812381554,0.0,62.53182200174702,49.936596500126804
figure_16,2,"50% Model (m=2500, k=2500)",14,55.109231853417896,0.0,62.6474400863182,49.936596500126804
figure_16,2,"50% Model (m=2500, k=2500)",15,54.740259740259745,0.0,62.7539304273706,49.936596500126804
figure_16,2,"50% Model (m=2500, k=2500)",16,58.8762495691141,0.0,62.85243399284407,49.936596500126804
figure_4,3,"80% Model (m=1000, k=4000)",0,91.18795315114333,0.0,91.18795315114333,72.51655629139073
figure_4,3,"80% Model (m=1000, k=4000)",1,94.79110146500271,0.0,94.17537664870375,72.51655629139073
figure_4,3,"80% Model (m=1000, k=4000)",2,94.69240048250904,0.0,96.56531544675208,72.51655629139073
figure_4,3,"80% Model (m=1000, k=4000)",3,95.0592885375494,0.0,98.54555045084928,72.51655629139073
figure_4,3,"80% Model (m=1000, k=4000)",4,95.53286534779835,0.0,100.22875020433189,72.51655629139073
figure_4,3,"80% Model (m=1000, k=4000)",5,96.2655601659751,0.0,101.68752332401681,72.51655629139073
figure_4,3,"80% Model (m=1000, k=4000)",6,95.94222833562586,0.0,102.97124366933956,72.51655629139073
figure_4,3,"80% Model (m=1000, k=4000)",7,97.03886489821099,0.0,104.11492179517253,72.51655629139073
figure_4,3,"80% Model (m=1000, k=4000)",8,96.60163624921334,0.0,105.14423210842222,72.51655629139073
figure_4,3,"80% Model (m=1000, k=4000)",9,95.23809523809523,0.0,106.07852916198732,72.51655629139073
figure_4,3,"80% Model (m=1000, k=4000)",10,96.49359406608227,0.0,106.93274361096113,72.51655629139073
figure_4,3,"80% Model (m=1000, k=4000)",11,95.79661016949153,0.0,107.71862090401703,72.51655629139073
figure_4,3,"80% Model (m=1000, k=4000)",12,95.81928523263656,0.0,108.44555740009375,72.51655629139073
figure_4,3,"80% Model (m=1000, k=4000)",13,96.7843631778058,0.0,109.1211807317415,72.51655629139073
figure_4,3,"80% Model (m=1000, k=4000)",14,95.68294409058741,0.0,109.7517625079461,72.51655629139073
figure_4,3,"80% Model (m=1000, k=4000)",15,94.04934687953556,0.0,110.34251806670618,72.51655629139073
figure_4,3,"80% Model (m=1000, k=4000)",16,93.92712550607287,0.0,110.89782829194064,72.51655629139073
figure_4,3,"50% Model (m=2500, k=2500)",0,90.35277177825773,0.0,90.35277177825773,69.88416988416989
figure_4,3,"50% Model (m=2500, k=2500)",1,95.3375086986778,0.0,92.39963196766652,69.88416988416989
figure_4,3,"50% Model (m=2500, k=2500)",2,97.8988326848249,0.0,93.9347771097231,69.88416988416989
figure_4,3,"50% Model (m=2500, k=2500)",3,98.2587064676617,0.0,95.14096257848186,69.88416988416989
figure_4,3,"50% Model (m=2500, k=2500)",4,98.33055091819699,0.0,96.12098827184833,69.88416988416989
figure_4,3,"50% Model (m=2500, k=2500)",5,98.74274661508704,0.0,96.93767634965374,69.88416988416989
figure_4,3,"50% Model (m=2500, k=2500)",6,98.54922279792746,0.0,97.63186121578833,69.88416988416989
figure_4,3,"50% Model (m=2500, k=2500)",7,98.87766554433222,0.0,98.23138450926821,69.88416988416989
figure_4,3,"50% Model (m=2500, k=2500)",8,98.09523809523809,0.0,98.7559673910631,69.88416988416989
figure_4,3,"50% Model (m=2500, k=2500)",9,97.42489270386267,0.0,99.22002147880472,69.88416988416989
figure_4,3,"50% Model (m=2500, k=2500)",10,98.856416772554,0.0,99.6343554857169,69.88416988416989
figure_4,3,"50% Model (m=2500, k=2500)",11,98.25174825174825,0.0,100.00725609193785,69.88416988416989
figure_4,3,"50% Model (m=2500, k=2500)",12,97.34299516908213,0.0,100.3451972663256,69.88416988416989
figure_4,3,"50% Model (m=2500, k=2500)",13,97.70992366412213,0.0,100.65332010179677,69.88416988416989
figure_4,3,"50% Model (m=2500, k=2500)",14,96.22926093514329,0.0,100.93576603431202,69.88416988416989
figure_4,3,"50% Model (m=2500, k=2500)",15,97.8601997146933,0.0,101.19591360373396,69.88416988416989
figure_4,3,"50% Model (m=2500, k=2500)",16,96.43765903307889,0.0,101.43655010544924,69.88416988416989
figure_17,4,"80% Model (m=1000, k=4000)",0,99.4413407821229,0.0,99.4413407821229,89.05723905723906
figure_17,4,"80% Model (m=1000, k=4000)",1,100.0,0.0,101.1027970581043,89.05723905723906
figure_17,4,"80% Model (m=1000, k=4000)",2,100.0,0.0,102.43196207888944,89.05723905723906
figure_17,4,"80% Model (m=1000, k=4000)",3,100.0,0.0,103.53327023896854,89.05723905723906
figure_17,4,"80% Model (m=1000, k=4000)",4,100.0,0.0,104.46938217503579,89.05723905723906
figure_17,4,"80% Model (m=1000, k=4000)",5,100.0,0.0,105.28067918629407,89.05723905723906
figure_17,4,"80% Model (m=1000, k=4000)",6,100.0,0.0,105.99462055620134,89.05723905723906
figure_17,4,"80% Model (m=1000, k=4000)",7,100.0,0.0,106.63067741302784,89.05723905723906
figure_17,4,"80% Model (m=1000, k=4000)",8,100.0,0.0,107.20312858417168,89.05723905723906
figure_17,4,"80% Model (m=1000, k=4000)",9,100.0,0.0,107.72273810874839,89.05723905723906
figure_17,4,"80% Model (m=1000, k=4000)",10,100.0,0.0,108.19780967407567,89.05723905723906
figure_17,4,"80% Model (m=1000, k=4000)",11,100.0,0.0,108.63487551417677,89.05723905723906
figure_17,4,"80% Model (m=1000, k=4000)",12,100.0,0.0,109.03916141627029,89.05723905723906
figure_17,4,"80% Model (m=1000, k=4000)",13,100.0,0.0,109.41490948998074,89.05723905723906
figure_17,4,"80% Model (m=1000, k=4000)",14,100.0,0.0,109.76560769211049,89.05723905723906
figure_17,4,"80% Model (m=1000, k=4000)",15,100.0,0.0,110.09415653410574,89.05723905723906
figure_17,4,"80% Model (m=1000, k=4000)",16,100.0,0.0,110.40299244558126,89.05723905723906
figure_17,4,"50% Model (m=2500, k=2500)",0,99.59919839679358,0.0,99.59919839679358,87.60611205432937
figure_17,4,"50% Model (m=2500, k=2500)",1,100.0,0.0,100.79850703104,87.60611205432937
figure_17,4,"50% Model (m=2500, k=2500)",2,100.0,0.0,101.69798850672481,87.60611205432937
figure_17,4,"50% Model (m=2500, k=2500)",3,100.0,0.0,102.40472395190575,87.60611205432937
figure_17,4,"50% Model (m=2500, k=2500)",4,100.0,0.0,102.97894650111525,87.60611205432937
figure_17,4,"50% Model (m=2500, k=2500)",5,100.0,0.0,103.45746529212317,87.60611205432937
figure_17,4,"50% Model (m=2500, k=2500)",6,100.0,0.0,103.8642062644799,87.60611205432937
figure_17,4,"50% Model (m=2500, k=2500)",7,100.0,0.0,104.21548255878798,87.60611205432937
figure_17,4,"50% Model (m=2500, k=2500)",8,100.0,0.0,104.52284931630756,87.60611205432937
figure_17,4,"50% Model (m=2500, k=2500)",9,100.0,0.0,104.79475067872872,87.60611205432937
figure_17,4,"50% Model (m=2500, k=2500)",10,100.0,0.0,105.03751975231904,87.60611205432937
figure_17,4,"50% Model (m=2500, k=2500)",11,100.0,0.0,105.25601191855034,87.60611205432937
figure_17,4,"50% Model (m=2500, k=2500)",12,100.0,0.0,105.45402044419744,87.60611205432937
figure_17,4,"50% Model (m=2500, k=2500)",13,100.0,0.0,105.63455762934628,87.60611205432937
figure_17,4,"50% Model (m=2500, k=2500)",14,100.0,0.0,105.80005004906604,87.60611205432937
figure_17,4,"50% Model (m=2500, k=2500)",15,100.0,0.0,105.95247727775529,87.60611205432937
figure_17,4,"50% Model (m=2500, k=2500)",16,100.0,0.0,106.09347246429286,87.60611205432937
